{
    "mean_loss": 0.43709978461265564,
    "mean_accuracy": 0.43709978461265564,
    "mean_auprc": 0.43709978461265564,
    "mean_auroc": 0.43709978461265564,
    "std_loss": 0.02535257115960121,
    "std_accuracy": 0.02535257115960121,
    "std_auprc": 0.02535257115960121,
    "std_auroc": 0.02535257115960121
}