{
    "mean_loss": 0.4726200997829437,
    "mean_accuracy": 0.4726200997829437,
    "mean_auprc": 0.4726200997829437,
    "mean_auroc": 0.4726200997829437,
    "std_loss": 0.05452735722064972,
    "std_accuracy": 0.05452735722064972,
    "std_auprc": 0.05452735722064972,
    "std_auroc": 0.05452735722064972
}