{
    "mean_loss": 0.4108582139015198,
    "mean_accuracy": 0.4108582139015198,
    "mean_auprc": 0.4108582139015198,
    "mean_auroc": 0.4108582139015198,
    "std_loss": 0.02889874577522278,
    "std_accuracy": 0.02889874577522278,
    "std_auprc": 0.02889874577522278,
    "std_auroc": 0.02889874577522278
}