{
    "mean_loss": 0.44725528359413147,
    "mean_accuracy": 0.44725528359413147,
    "mean_auprc": 0.44725528359413147,
    "mean_auroc": 0.44725528359413147,
    "std_loss": 0.04171551391482353,
    "std_accuracy": 0.04171551391482353,
    "std_auprc": 0.04171551391482353,
    "std_auroc": 0.04171551391482353
}